,location,date,total_cases,new_cases,total_deaths,new_deaths
100382,Poland,2020-03-04,1.0,1.0,,
100383,Poland,2020-03-05,1.0,0.0,,
100384,Poland,2020-03-06,5.0,4.0,,
100385,Poland,2020-03-07,5.0,0.0,,
100386,Poland,2020-03-08,11.0,6.0,,
100387,Poland,2020-03-09,16.0,5.0,,
100388,Poland,2020-03-10,22.0,6.0,,
100389,Poland,2020-03-11,31.0,9.0,,
100390,Poland,2020-03-12,49.0,18.0,1.0,1.0
100391,Poland,2020-03-13,68.0,19.0,2.0,1.0
100392,Poland,2020-03-14,103.0,35.0,3.0,1.0
100393,Poland,2020-03-15,119.0,16.0,3.0,0.0
100394,Poland,2020-03-16,177.0,58.0,4.0,1.0
100395,Poland,2020-03-17,238.0,61.0,5.0,1.0
100396,Poland,2020-03-18,251.0,13.0,5.0,0.0
100397,Poland,2020-03-19,355.0,104.0,5.0,0.0
100398,Poland,2020-03-20,425.0,70.0,5.0,0.0
100399,Poland,2020-03-21,536.0,111.0,5.0,0.0
100400,Poland,2020-03-22,634.0,98.0,7.0,2.0
100401,Poland,2020-03-23,749.0,115.0,8.0,1.0
100402,Poland,2020-03-24,901.0,152.0,10.0,2.0
100403,Poland,2020-03-25,1051.0,150.0,14.0,4.0
100404,Poland,2020-03-26,1221.0,170.0,16.0,2.0
100405,Poland,2020-03-27,1389.0,168.0,16.0,0.0
100406,Poland,2020-03-28,1638.0,249.0,18.0,2.0
100407,Poland,2020-03-29,1862.0,224.0,22.0,4.0
100408,Poland,2020-03-30,2055.0,193.0,31.0,9.0
100409,Poland,2020-03-31,2311.0,256.0,33.0,2.0
100410,Poland,2020-04-01,2554.0,243.0,43.0,10.0
100411,Poland,2020-04-02,2946.0,392.0,57.0,14.0
100412,Poland,2020-04-03,3383.0,437.0,71.0,14.0
100413,Poland,2020-04-04,3627.0,244.0,79.0,8.0
100414,Poland,2020-04-05,4102.0,475.0,94.0,15.0
100415,Poland,2020-04-06,4413.0,311.0,107.0,13.0
100416,Poland,2020-04-07,4848.0,435.0,129.0,22.0
100417,Poland,2020-04-08,5205.0,357.0,159.0,30.0
100418,Poland,2020-04-09,5575.0,370.0,174.0,15.0
100419,Poland,2020-04-10,5955.0,380.0,181.0,7.0
100420,Poland,2020-04-11,6356.0,401.0,208.0,27.0
100421,Poland,2020-04-12,6674.0,318.0,232.0,24.0
100422,Poland,2020-04-13,6934.0,260.0,245.0,13.0
100423,Poland,2020-04-14,7202.0,268.0,263.0,18.0
100424,Poland,2020-04-15,7582.0,380.0,286.0,23.0
100425,Poland,2020-04-16,7918.0,336.0,314.0,28.0
100426,Poland,2020-04-17,8379.0,461.0,332.0,18.0
100427,Poland,2020-04-18,8742.0,363.0,347.0,15.0
100428,Poland,2020-04-19,9287.0,545.0,360.0,13.0
100429,Poland,2020-04-20,9593.0,306.0,380.0,20.0
100430,Poland,2020-04-21,9856.0,263.0,401.0,21.0
100431,Poland,2020-04-22,10169.0,313.0,426.0,25.0
100432,Poland,2020-04-23,10511.0,342.0,454.0,28.0
100433,Poland,2020-04-24,10892.0,381.0,494.0,40.0
100434,Poland,2020-04-25,11273.0,381.0,524.0,30.0
100435,Poland,2020-04-26,11617.0,344.0,535.0,11.0
100436,Poland,2020-04-27,11902.0,285.0,562.0,27.0
100437,Poland,2020-04-28,12218.0,316.0,596.0,34.0
100438,Poland,2020-04-29,12640.0,422.0,624.0,28.0
100439,Poland,2020-04-30,12877.0,237.0,644.0,20.0
100440,Poland,2020-05-01,13105.0,228.0,651.0,7.0
100441,Poland,2020-05-02,13375.0,270.0,664.0,13.0
100442,Poland,2020-05-03,13693.0,318.0,678.0,14.0
100443,Poland,2020-05-04,14006.0,313.0,698.0,20.0
100444,Poland,2020-05-05,14431.0,425.0,716.0,18.0
100445,Poland,2020-05-06,14740.0,309.0,733.0,17.0
100446,Poland,2020-05-07,15047.0,307.0,755.0,22.0
100447,Poland,2020-05-08,15366.0,319.0,776.0,21.0
100448,Poland,2020-05-09,15651.0,285.0,785.0,9.0
100449,Poland,2020-05-10,15996.0,345.0,800.0,15.0
100450,Poland,2020-05-11,16326.0,330.0,811.0,11.0
100451,Poland,2020-05-12,16921.0,595.0,839.0,28.0
100452,Poland,2020-05-13,17204.0,283.0,861.0,22.0
100453,Poland,2020-05-14,17615.0,411.0,883.0,22.0
100454,Poland,2020-05-15,18016.0,401.0,907.0,24.0
100455,Poland,2020-05-16,18257.0,241.0,915.0,8.0
100456,Poland,2020-05-17,18529.0,272.0,925.0,10.0
100457,Poland,2020-05-18,18885.0,356.0,936.0,11.0
100458,Poland,2020-05-19,19268.0,383.0,948.0,12.0
100459,Poland,2020-05-20,19739.0,471.0,962.0,14.0
100460,Poland,2020-05-21,20143.0,404.0,972.0,10.0
100461,Poland,2020-05-22,20619.0,476.0,982.0,10.0
100462,Poland,2020-05-23,20931.0,312.0,993.0,11.0
100463,Poland,2020-05-24,21326.0,395.0,996.0,3.0
100464,Poland,2020-05-25,21631.0,305.0,1007.0,11.0
100465,Poland,2020-05-26,22074.0,443.0,1024.0,17.0
100466,Poland,2020-05-27,22473.0,399.0,1028.0,4.0
100467,Poland,2020-05-28,22825.0,352.0,1038.0,10.0
100468,Poland,2020-05-29,23155.0,330.0,1051.0,13.0
100469,Poland,2020-05-30,23571.0,416.0,1061.0,10.0
100470,Poland,2020-05-31,23786.0,215.0,1064.0,3.0
100471,Poland,2020-06-01,24165.0,379.0,1074.0,10.0
100472,Poland,2020-06-02,24395.0,230.0,1092.0,18.0
100473,Poland,2020-06-03,24687.0,292.0,1115.0,23.0
100474,Poland,2020-06-04,25048.0,361.0,1117.0,2.0
100475,Poland,2020-06-05,25410.0,362.0,1137.0,20.0
100476,Poland,2020-06-06,25986.0,576.0,1153.0,16.0
100477,Poland,2020-06-07,26561.0,575.0,1157.0,4.0
100478,Poland,2020-06-08,27160.0,599.0,1166.0,9.0
100479,Poland,2020-06-09,27560.0,400.0,1183.0,17.0
100480,Poland,2020-06-10,27842.0,282.0,1206.0,23.0
100481,Poland,2020-06-11,28201.0,359.0,1215.0,9.0
100482,Poland,2020-06-12,28577.0,376.0,1222.0,7.0
100483,Poland,2020-06-13,29017.0,440.0,1237.0,15.0
100484,Poland,2020-06-14,29392.0,375.0,1247.0,10.0
100485,Poland,2020-06-15,29788.0,396.0,1256.0,9.0
100486,Poland,2020-06-16,30195.0,407.0,1272.0,16.0
100487,Poland,2020-06-17,30701.0,506.0,1286.0,14.0
100488,Poland,2020-06-18,31015.0,314.0,1316.0,30.0
100489,Poland,2020-06-19,31316.0,301.0,1334.0,18.0
100490,Poland,2020-06-20,31620.0,304.0,1346.0,12.0
100491,Poland,2020-06-21,31931.0,311.0,1356.0,10.0
100492,Poland,2020-06-22,32227.0,296.0,1359.0,3.0
100493,Poland,2020-06-23,32527.0,300.0,1375.0,16.0
100494,Poland,2020-06-24,32821.0,294.0,1396.0,21.0
100495,Poland,2020-06-25,33119.0,298.0,1412.0,16.0
100496,Poland,2020-06-26,33395.0,276.0,1429.0,17.0
100497,Poland,2020-06-27,33714.0,319.0,1435.0,6.0
100498,Poland,2020-06-28,33907.0,193.0,1438.0,3.0
100499,Poland,2020-06-29,34154.0,247.0,1444.0,6.0
100500,Poland,2020-06-30,34393.0,239.0,1463.0,19.0
100501,Poland,2020-07-01,34775.0,382.0,1477.0,14.0
100502,Poland,2020-07-02,35146.0,371.0,1492.0,15.0
100503,Poland,2020-07-03,35405.0,259.0,1507.0,15.0
100504,Poland,2020-07-04,35719.0,314.0,1512.0,5.0
100505,Poland,2020-07-05,35950.0,231.0,1517.0,5.0
100506,Poland,2020-07-06,36155.0,205.0,1521.0,4.0
100507,Poland,2020-07-07,36412.0,257.0,1528.0,7.0
100508,Poland,2020-07-08,36689.0,277.0,1542.0,14.0
100509,Poland,2020-07-09,36951.0,262.0,1551.0,9.0
100510,Poland,2020-07-10,37216.0,265.0,1562.0,11.0
100511,Poland,2020-07-11,37521.0,305.0,1568.0,6.0
100512,Poland,2020-07-12,37891.0,370.0,1571.0,3.0
100513,Poland,2020-07-13,38190.0,299.0,1576.0,5.0
100514,Poland,2020-07-14,38457.0,267.0,1588.0,12.0
100515,Poland,2020-07-15,38721.0,264.0,1594.0,6.0
100516,Poland,2020-07-16,39054.0,333.0,1605.0,11.0
100517,Poland,2020-07-17,39407.0,353.0,1612.0,7.0
100518,Poland,2020-07-18,39746.0,339.0,1618.0,6.0
100519,Poland,2020-07-19,40104.0,358.0,1624.0,6.0
100520,Poland,2020-07-20,40383.0,279.0,1627.0,3.0
100521,Poland,2020-07-21,40782.0,399.0,1636.0,9.0
100522,Poland,2020-07-22,41162.0,380.0,1642.0,6.0
100523,Poland,2020-07-23,41580.0,418.0,1651.0,9.0
100524,Poland,2020-07-24,42038.0,458.0,1655.0,4.0
100525,Poland,2020-07-25,42622.0,584.0,1664.0,9.0
100526,Poland,2020-07-26,43065.0,443.0,1671.0,7.0
100527,Poland,2020-07-27,43402.0,337.0,1676.0,5.0
100528,Poland,2020-07-28,43904.0,502.0,1682.0,6.0
100529,Poland,2020-07-29,44416.0,512.0,1694.0,12.0
100530,Poland,2020-07-30,45031.0,615.0,1709.0,15.0
100531,Poland,2020-07-31,45688.0,657.0,1716.0,7.0
100532,Poland,2020-08-01,46346.0,658.0,1721.0,5.0
100533,Poland,2020-08-02,46894.0,548.0,1731.0,10.0
100534,Poland,2020-08-03,47469.0,575.0,1732.0,1.0
100535,Poland,2020-08-04,48149.0,680.0,1738.0,6.0
100536,Poland,2020-08-05,48789.0,640.0,1756.0,18.0
100537,Poland,2020-08-06,49515.0,726.0,1774.0,18.0
100538,Poland,2020-08-07,50324.0,809.0,1787.0,13.0
100539,Poland,2020-08-08,51167.0,843.0,1800.0,13.0
100540,Poland,2020-08-09,51791.0,624.0,1807.0,7.0
100541,Poland,2020-08-10,52410.0,619.0,1809.0,2.0
100542,Poland,2020-08-11,52961.0,551.0,1821.0,12.0
100543,Poland,2020-08-12,53676.0,715.0,1830.0,9.0
100544,Poland,2020-08-13,54487.0,811.0,1844.0,14.0
100545,Poland,2020-08-14,55319.0,832.0,1858.0,14.0
100546,Poland,2020-08-15,56090.0,771.0,1869.0,11.0
100547,Poland,2020-08-16,56684.0,594.0,1877.0,8.0
100548,Poland,2020-08-17,57279.0,595.0,1885.0,8.0
100549,Poland,2020-08-18,57876.0,597.0,1896.0,11.0
100550,Poland,2020-08-19,58611.0,735.0,1913.0,17.0
100551,Poland,2020-08-20,59378.0,767.0,1925.0,12.0
100552,Poland,2020-08-21,60281.0,903.0,1938.0,13.0
100553,Poland,2020-08-22,61181.0,900.0,1951.0,13.0
100554,Poland,2020-08-23,61762.0,581.0,1955.0,4.0
100555,Poland,2020-08-24,62310.0,548.0,1960.0,5.0
100556,Poland,2020-08-25,63073.0,763.0,1977.0,17.0
100557,Poland,2020-08-26,63802.0,729.0,1994.0,17.0
100558,Poland,2020-08-27,64689.0,887.0,2010.0,16.0
100559,Poland,2020-08-28,65480.0,791.0,2018.0,8.0
100560,Poland,2020-08-29,66239.0,759.0,2032.0,14.0
100561,Poland,2020-08-30,66870.0,631.0,2033.0,1.0
100562,Poland,2020-08-31,67372.0,502.0,2039.0,6.0
100563,Poland,2020-09-01,67922.0,550.0,2058.0,19.0
100564,Poland,2020-09-02,68517.0,595.0,2078.0,20.0
100565,Poland,2020-09-03,69129.0,612.0,2092.0,14.0
100566,Poland,2020-09-04,69820.0,691.0,2100.0,8.0
100567,Poland,2020-09-05,70387.0,567.0,2113.0,13.0
100568,Poland,2020-09-06,70824.0,437.0,2120.0,7.0
100569,Poland,2020-09-07,71126.0,302.0,2124.0,4.0
100570,Poland,2020-09-08,71526.0,400.0,2136.0,12.0
100571,Poland,2020-09-09,71947.0,421.0,2147.0,11.0
100572,Poland,2020-09-10,72453.0,506.0,2159.0,12.0
100573,Poland,2020-09-11,73047.0,594.0,2169.0,10.0
100574,Poland,2020-09-12,73650.0,603.0,2182.0,13.0
100575,Poland,2020-09-13,74152.0,502.0,2188.0,6.0
100576,Poland,2020-09-14,74529.0,377.0,2203.0,15.0
100577,Poland,2020-09-15,75134.0,605.0,2227.0,24.0
100578,Poland,2020-09-16,75734.0,600.0,2237.0,10.0
100579,Poland,2020-09-17,76571.0,837.0,2253.0,16.0
100580,Poland,2020-09-18,77328.0,757.0,2270.0,17.0
100581,Poland,2020-09-19,78330.0,1002.0,2282.0,12.0
100582,Poland,2020-09-20,79240.0,910.0,2293.0,11.0
100583,Poland,2020-09-21,79988.0,748.0,2298.0,5.0
100584,Poland,2020-09-22,80699.0,711.0,2316.0,18.0
100585,Poland,2020-09-23,81673.0,974.0,2344.0,28.0
100586,Poland,2020-09-24,82809.0,1136.0,2369.0,25.0
100587,Poland,2020-09-25,84396.0,1587.0,2392.0,23.0
100588,Poland,2020-09-26,85980.0,1584.0,2424.0,32.0
100589,Poland,2020-09-27,87330.0,1350.0,2432.0,8.0
100590,Poland,2020-09-28,88636.0,1306.0,2447.0,15.0
100591,Poland,2020-09-29,89962.0,1326.0,2483.0,36.0
100592,Poland,2020-09-30,91514.0,1552.0,2513.0,30.0
100593,Poland,2020-10-01,93481.0,1967.0,2543.0,30.0
100594,Poland,2020-10-02,95773.0,2292.0,2570.0,27.0
100595,Poland,2020-10-03,98140.0,2367.0,2604.0,34.0
100596,Poland,2020-10-04,100074.0,1934.0,2630.0,26.0
100597,Poland,2020-10-05,102080.0,2006.0,2659.0,29.0
100598,Poland,2020-10-06,104316.0,2236.0,2717.0,58.0
100599,Poland,2020-10-07,107319.0,3003.0,2792.0,75.0
100600,Poland,2020-10-08,111599.0,4280.0,2867.0,75.0
100601,Poland,2020-10-09,116338.0,4739.0,2919.0,52.0
100602,Poland,2020-10-10,121638.0,5300.0,2972.0,53.0
100603,Poland,2020-10-11,125816.0,4178.0,3004.0,32.0
100604,Poland,2020-10-12,130210.0,4394.0,3039.0,35.0
100605,Poland,2020-10-13,135278.0,5068.0,3101.0,62.0
100606,Poland,2020-10-14,141804.0,6526.0,3217.0,116.0
100607,Poland,2020-10-15,149903.0,8099.0,3308.0,91.0
100608,Poland,2020-10-16,157608.0,7705.0,3440.0,132.0
100609,Poland,2020-10-17,167230.0,9622.0,3524.0,84.0
100610,Poland,2020-10-18,175766.0,8536.0,3573.0,49.0
100611,Poland,2020-10-19,183248.0,7482.0,3614.0,41.0
100612,Poland,2020-10-20,192539.0,9291.0,3721.0,107.0
100613,Poland,2020-10-21,202579.0,10040.0,3851.0,130.0
100614,Poland,2020-10-22,214686.0,12107.0,4019.0,168.0
100615,Poland,2020-10-23,228318.0,13632.0,4172.0,153.0
100616,Poland,2020-10-24,241946.0,13628.0,4351.0,179.0
100617,Poland,2020-10-25,253688.0,11742.0,4438.0,87.0
100618,Poland,2020-10-26,263929.0,10241.0,4483.0,45.0
100619,Poland,2020-10-27,280229.0,16300.0,4615.0,132.0
100620,Poland,2020-10-28,299049.0,18820.0,4849.0,234.0
100621,Poland,2020-10-29,319205.0,20156.0,5149.0,300.0
100622,Poland,2020-10-30,340834.0,21629.0,5351.0,202.0
100623,Poland,2020-10-31,362731.0,21897.0,5631.0,280.0
100624,Poland,2020-11-01,379902.0,17171.0,5783.0,152.0
100625,Poland,2020-11-02,395480.0,15578.0,5875.0,92.0
100626,Poland,2020-11-03,414844.0,19364.0,6102.0,227.0
100627,Poland,2020-11-04,439536.0,24692.0,6475.0,373.0
100628,Poland,2020-11-05,466679.0,27143.0,6842.0,367.0
100629,Poland,2020-11-06,493765.0,27086.0,7287.0,445.0
100630,Poland,2020-11-07,521640.0,27875.0,7636.0,349.0
100631,Poland,2020-11-08,546425.0,24785.0,7872.0,236.0
100632,Poland,2020-11-09,568138.0,21713.0,8045.0,173.0
100633,Poland,2020-11-10,593592.0,25454.0,8375.0,330.0
100634,Poland,2020-11-11,618813.0,25221.0,8805.0,430.0
100635,Poland,2020-11-12,641496.0,22683.0,9080.0,275.0
100636,Poland,2020-11-13,665547.0,24051.0,9499.0,419.0
100637,Poland,2020-11-14,691118.0,25571.0,10045.0,546.0
100638,Poland,2020-11-15,712972.0,21854.0,10348.0,303.0
100639,Poland,2020-11-16,733788.0,20816.0,10491.0,143.0
100640,Poland,2020-11-17,752940.0,19152.0,10848.0,357.0
100641,Poland,2020-11-18,772823.0,19883.0,11451.0,603.0
100642,Poland,2020-11-19,796798.0,23975.0,12088.0,637.0
100643,Poland,2020-11-20,819262.0,22464.0,12714.0,626.0
100644,Poland,2020-11-21,843475.0,24213.0,13288.0,574.0
100645,Poland,2020-11-22,861331.0,17856.0,13618.0,330.0
100646,Poland,2020-11-23,876333.0,15002.0,13774.0,156.0
100647,Poland,2020-11-24,909066.0,32733.0,14314.0,540.0
100648,Poland,2020-11-25,924422.0,15356.0,14988.0,674.0
100649,Poland,2020-11-26,941112.0,16690.0,15568.0,580.0
100650,Poland,2020-11-27,958416.0,17304.0,16147.0,579.0
100651,Poland,2020-11-28,973593.0,15177.0,16746.0,599.0
100652,Poland,2020-11-29,985075.0,11482.0,17029.0,283.0
100653,Poland,2020-11-30,990811.0,5736.0,17150.0,121.0
100654,Poland,2020-12-01,999924.0,9113.0,17599.0,449.0
100655,Poland,2020-12-02,1013747.0,13823.0,18208.0,609.0
100656,Poland,2020-12-03,1028610.0,14863.0,18828.0,620.0
100657,Poland,2020-12-04,1041846.0,13236.0,19359.0,531.0
100658,Poland,2020-12-05,1054273.0,12427.0,19861.0,502.0
100659,Poland,2020-12-06,1063449.0,9176.0,20089.0,228.0
100660,Poland,2020-12-07,1067870.0,4421.0,20181.0,92.0
100661,Poland,2020-12-08,1076180.0,8310.0,20592.0,411.0
100662,Poland,2020-12-09,1088346.0,12166.0,21160.0,568.0
100663,Poland,2020-12-10,1102096.0,13750.0,21630.0,470.0
100664,Poland,2020-12-11,1115201.0,13105.0,22174.0,544.0
100665,Poland,2020-12-12,1126700.0,11499.0,22676.0,502.0
100666,Poland,2020-12-13,1135676.0,8976.0,22864.0,188.0
100667,Poland,2020-12-14,1140572.0,4896.0,22960.0,96.0
100668,Poland,2020-12-15,1147446.0,6874.0,23309.0,349.0
100669,Poland,2020-12-16,1159901.0,12455.0,23914.0,605.0
100670,Poland,2020-12-17,1171854.0,11953.0,24345.0,431.0
100671,Poland,2020-12-18,1182864.0,11010.0,24771.0,426.0
100672,Poland,2020-12-19,1194110.0,11246.0,25254.0,483.0
100673,Poland,2020-12-20,1202700.0,8590.0,25397.0,143.0
100674,Poland,2020-12-21,1207333.0,4633.0,25474.0,77.0
100675,Poland,2020-12-22,1214525.0,7192.0,25783.0,309.0
100676,Poland,2020-12-23,1226883.0,12358.0,26255.0,472.0
100677,Poland,2020-12-24,1239998.0,13115.0,26752.0,497.0
100678,Poland,2020-12-25,1249079.0,9081.0,26992.0,240.0
100679,Poland,2020-12-26,1253957.0,4878.0,27061.0,69.0
100680,Poland,2020-12-27,1257799.0,3842.0,27118.0,57.0
100681,Poland,2020-12-28,1261010.0,3211.0,27147.0,29.0
100682,Poland,2020-12-29,1268634.0,7624.0,27454.0,307.0
100683,Poland,2020-12-30,1281414.0,12780.0,28019.0,565.0
100684,Poland,2020-12-31,1294878.0,13464.0,28554.0,535.0
100685,Poland,2021-01-01,1305774.0,10896.0,28956.0,402.0
100686,Poland,2021-01-02,1312780.0,7006.0,29058.0,102.0
100687,Poland,2021-01-03,1318562.0,5782.0,29119.0,61.0
100688,Poland,2021-01-04,1322947.0,4385.0,29161.0,42.0
100689,Poland,2021-01-05,1330543.0,7596.0,29502.0,341.0
100690,Poland,2021-01-06,1344763.0,14220.0,30055.0,553.0
100691,Poland,2021-01-07,1356882.0,12119.0,30241.0,186.0
100692,Poland,2021-01-08,1365645.0,8763.0,30574.0,333.0
100693,Poland,2021-01-09,1376389.0,10744.0,31011.0,437.0
100694,Poland,2021-01-10,1385522.0,9133.0,31189.0,178.0
100695,Poland,2021-01-11,1390385.0,4863.0,31264.0,75.0
100696,Poland,2021-01-12,1395779.0,5394.0,31593.0,329.0
100697,Poland,2021-01-13,1404905.0,9126.0,32074.0,481.0
100698,Poland,2021-01-14,1414362.0,9457.0,32456.0,382.0
100699,Poland,2021-01-15,1422320.0,7958.0,32844.0,388.0
100700,Poland,2021-01-16,1429612.0,7292.0,33213.0,369.0
100701,Poland,2021-01-17,1435582.0,5970.0,33355.0,142.0
100702,Poland,2021-01-18,1438914.0,3332.0,33407.0,52.0
100703,Poland,2021-01-19,1443804.0,4890.0,33698.0,291.0
100704,Poland,2021-01-20,1450747.0,6943.0,34141.0,443.0
100705,Poland,2021-01-21,1457755.0,7008.0,34561.0,420.0
100706,Poland,2021-01-22,1464448.0,6693.0,34908.0,347.0
100707,Poland,2021-01-23,1470879.0,6431.0,35253.0,345.0
100708,Poland,2021-01-24,1475445.0,4566.0,35363.0,110.0
100709,Poland,2021-01-25,1478119.0,2674.0,35401.0,38.0
100710,Poland,2021-01-26,1482722.0,4603.0,35665.0,264.0
100711,Poland,2021-01-27,1489512.0,6790.0,36054.0,389.0
100712,Poland,2021-01-28,1496665.0,7153.0,36443.0,389.0
100713,Poland,2021-01-29,1502810.0,6145.0,36780.0,337.0
100714,Poland,2021-01-30,1508674.0,5864.0,37082.0,302.0
100715,Poland,2021-01-31,1513385.0,4711.0,37180.0,98.0
100716,Poland,2021-02-01,1515889.0,2504.0,37222.0,42.0
100717,Poland,2021-02-02,1520215.0,4326.0,37476.0,254.0
100718,Poland,2021-02-03,1527016.0,6801.0,37897.0,421.0
100719,Poland,2021-02-04,1533511.0,6495.0,38344.0,447.0
100720,Poland,2021-02-05,1539564.0,6053.0,38712.0,368.0
100721,Poland,2021-02-06,1545530.0,5966.0,38994.0,282.0
100722,Poland,2021-02-07,1550255.0,4725.0,39087.0,93.0
100723,Poland,2021-02-08,1552686.0,2431.0,39132.0,45.0
100724,Poland,2021-02-09,1556685.0,3999.0,39360.0,228.0
100725,Poland,2021-02-10,1563645.0,6960.0,39721.0,361.0
100726,Poland,2021-02-11,1570658.0,7013.0,40177.0,456.0
100727,Poland,2021-02-12,1577036.0,6378.0,40424.0,247.0
100728,Poland,2021-02-13,1583621.0,6585.0,40709.0,285.0
100729,Poland,2021-02-14,1588955.0,5334.0,40807.0,98.0
100730,Poland,2021-02-15,1591497.0,2542.0,40832.0,25.0
100731,Poland,2021-02-16,1596673.0,5176.0,41028.0,196.0
100732,Poland,2021-02-17,1605372.0,8699.0,41308.0,280.0
100733,Poland,2021-02-18,1614446.0,9074.0,41582.0,274.0
100734,Poland,2021-02-19,1623218.0,8772.0,41823.0,241.0
100735,Poland,2021-02-20,1631727.0,8509.0,42077.0,254.0
100736,Poland,2021-02-21,1638767.0,7040.0,42171.0,94.0
100737,Poland,2021-02-22,1642658.0,3891.0,42188.0,17.0
100738,Poland,2021-02-23,1648962.0,6304.0,42436.0,248.0
100739,Poland,2021-02-24,1661109.0,12147.0,42808.0,372.0
100740,Poland,2021-02-25,1673252.0,12143.0,43094.0,286.0
100741,Poland,2021-02-26,1684788.0,11536.0,43353.0,259.0
100742,Poland,2021-02-27,1696885.0,12097.0,43656.0,303.0
100743,Poland,2021-02-28,1706986.0,10101.0,43769.0,113.0
100744,Poland,2021-03-01,1711772.0,4786.0,43793.0,24.0
100745,Poland,2021-03-02,1719708.0,7936.0,44008.0,215.0
100746,Poland,2021-03-03,1735406.0,15698.0,44360.0,352.0
100747,Poland,2021-03-04,1750659.0,15253.0,44649.0,289.0
100748,Poland,2021-03-05,1766490.0,15831.0,44912.0,263.0
100749,Poland,2021-03-06,1781345.0,14855.0,45159.0,247.0
100750,Poland,2021-03-07,1794914.0,13569.0,45285.0,126.0
100751,Poland,2021-03-08,1801083.0,6169.0,45317.0,32.0
100752,Poland,2021-03-09,1811036.0,9953.0,45599.0,282.0
100753,Poland,2021-03-10,1828313.0,17277.0,45997.0,398.0
100754,Poland,2021-03-11,1849424.0,21111.0,46373.0,376.0
100755,Poland,2021-03-12,1868297.0,18873.0,46724.0,351.0
100756,Poland,2021-03-13,1889360.0,21063.0,47068.0,344.0
100757,Poland,2021-03-14,1906632.0,17272.0,47178.0,110.0
100758,Poland,2021-03-15,1917527.0,10895.0,47206.0,28.0
100759,Poland,2021-03-16,1931921.0,14394.0,47578.0,372.0
100760,Poland,2021-03-17,1956974.0,25053.0,48032.0,454.0
100761,Poland,2021-03-18,1984248.0,27274.0,48388.0,356.0
100762,Poland,2021-03-19,2010244.0,25996.0,48807.0,419.0
100763,Poland,2021-03-20,2036700.0,26456.0,49159.0,352.0
100764,Poland,2021-03-21,2058550.0,21850.0,49300.0,141.0
100765,Poland,2021-03-22,2073129.0,14579.0,49365.0,65.0
100766,Poland,2021-03-23,2089869.0,16740.0,49761.0,396.0
100767,Poland,2021-03-24,2120671.0,30802.0,50340.0,579.0
100768,Poland,2021-03-25,2154821.0,34150.0,50860.0,520.0
100769,Poland,2021-03-26,2189966.0,35145.0,51305.0,445.0
100770,Poland,2021-03-27,2221725.0,31759.0,51753.0,448.0
100771,Poland,2021-03-28,2250991.0,29266.0,51884.0,131.0
100772,Poland,2021-03-29,2267964.0,16973.0,51932.0,48.0
100773,Poland,2021-03-30,2288826.0,20862.0,52392.0,460.0
100774,Poland,2021-03-31,2321717.0,32891.0,53045.0,653.0
100775,Poland,2021-04-01,2356970.0,35253.0,53665.0,620.0
100776,Poland,2021-04-02,2387511.0,30541.0,54165.0,500.0
100777,Poland,2021-04-03,2415584.0,28073.0,54737.0,572.0
100778,Poland,2021-04-04,2438542.0,22958.0,54941.0,204.0
100779,Poland,2021-04-05,2448463.0,9921.0,55005.0,64.0
100780,Poland,2021-04-06,2456709.0,8246.0,55065.0,60.0
100781,Poland,2021-04-07,2471617.0,14908.0,55703.0,638.0
100782,Poland,2021-04-08,2499507.0,27890.0,56659.0,956.0
100783,Poland,2021-04-09,2528006.0,28499.0,57427.0,768.0
100784,Poland,2021-04-10,2552898.0,24892.0,58176.0,749.0
100785,Poland,2021-04-11,2574631.0,21733.0,58421.0,245.0
100786,Poland,2021-04-12,2586647.0,12016.0,58481.0,60.0
100787,Poland,2021-04-13,2599850.0,13203.0,59126.0,645.0
100788,Poland,2021-04-14,2621116.0,21266.0,59930.0,804.0
100789,Poland,2021-04-15,2642242.0,21126.0,60612.0,682.0
100790,Poland,2021-04-16,2660088.0,17846.0,61208.0,596.0
100791,Poland,2021-04-17,2675874.0,15786.0,61825.0,617.0
100792,Poland,2021-04-18,2688025.0,12151.0,62032.0,207.0
100793,Poland,2021-04-19,2695327.0,7302.0,62133.0,101.0
100794,Poland,2021-04-20,2704571.0,9244.0,62734.0,601.0
100795,Poland,2021-04-21,2718493.0,13922.0,63473.0,739.0
100796,Poland,2021-04-22,2731256.0,12763.0,64168.0,695.0
100797,Poland,2021-04-23,2742122.0,10866.0,64707.0,539.0
100798,Poland,2021-04-24,2751632.0,9510.0,65222.0,515.0
100799,Poland,2021-04-25,2758856.0,7224.0,65415.0,193.0
100800,Poland,2021-04-26,2762323.0,3467.0,65437.0,22.0
100801,Poland,2021-04-27,2768034.0,5711.0,65897.0,460.0
100802,Poland,2021-04-28,2776927.0,8893.0,66533.0,636.0
100803,Poland,2021-04-29,2785353.0,8426.0,67073.0,540.0
100804,Poland,2021-04-30,2792142.0,6789.0,67502.0,429.0
100805,Poland,2021-05-01,2798617.0,6475.0,67924.0,422.0
100806,Poland,2021-05-02,2803233.0,4616.0,68068.0,144.0
100807,Poland,2021-05-03,2805756.0,2523.0,68105.0,37.0
100808,Poland,2021-05-04,2808052.0,2296.0,68133.0,28.0
100809,Poland,2021-05-05,2811951.0,3899.0,68482.0,349.0
100810,Poland,2021-05-06,2818378.0,6427.0,68993.0,511.0
100811,Poland,2021-05-07,2824425.0,6047.0,69445.0,452.0
100812,Poland,2021-05-08,2829196.0,4771.0,69866.0,421.0
100813,Poland,2021-05-09,2833052.0,3856.0,70012.0,146.0
100814,Poland,2021-05-10,2835083.0,2031.0,70034.0,22.0
100815,Poland,2021-05-11,2838180.0,3097.0,70336.0,302.0
100816,Poland,2021-05-12,2842339.0,4159.0,70679.0,343.0
100817,Poland,2021-05-13,2845762.0,3423.0,71021.0,342.0
100818,Poland,2021-05-14,2849014.0,3252.0,71311.0,290.0
100819,Poland,2021-05-15,2851911.0,2897.0,71609.0,298.0
100820,Poland,2021-05-16,2854079.0,2168.0,71664.0,55.0
100821,Poland,2021-05-17,2855190.0,1111.0,71675.0,11.0
100822,Poland,2021-05-18,2856924.0,1734.0,71920.0,245.0
100823,Poland,2021-05-19,2859261.0,2337.0,72250.0,330.0
100824,Poland,2021-05-20,2861351.0,2090.0,72500.0,250.0
100825,Poland,2021-05-21,2863031.0,1680.0,72691.0,191.0
100826,Poland,2021-05-22,2864546.0,1515.0,72882.0,191.0
100827,Poland,2021-05-23,2865622.0,1076.0,72928.0,46.0
100828,Poland,2021-05-24,2866181.0,559.0,72945.0,17.0
100829,Poland,2021-05-25,2867187.0,1006.0,73096.0,151.0
100830,Poland,2021-05-26,2868450.0,1263.0,73305.0,209.0
100831,Poland,2021-05-27,2869652.0,1202.0,73440.0,135.0
100832,Poland,2021-05-28,2870595.0,943.0,73557.0,117.0
100833,Poland,2021-05-29,2871371.0,776.0,73682.0,125.0
100834,Poland,2021-05-30,2871950.0,579.0,73738.0,56.0
100835,Poland,2021-05-31,2872283.0,333.0,73745.0,7.0
100836,Poland,2021-06-01,2872868.0,585.0,73856.0,111.0
100837,Poland,2021-06-02,2873527.0,659.0,73984.0,128.0
100838,Poland,2021-06-03,2874092.0,565.0,74075.0,91.0
100839,Poland,2021-06-04,2874411.0,319.0,74101.0,26.0
100840,Poland,2021-06-05,2874824.0,413.0,74139.0,38.0
100841,Poland,2021-06-06,2875136.0,312.0,74152.0,13.0
100842,Poland,2021-06-07,2875328.0,192.0,74160.0,8.0
100843,Poland,2021-06-08,2875729.0,401.0,74255.0,95.0
100844,Poland,2021-06-09,2876289.0,560.0,74363.0,108.0
100845,Poland,2021-06-10,2876667.0,378.0,74447.0,84.0
100846,Poland,2021-06-11,2877007.0,340.0,74515.0,68.0
100847,Poland,2021-06-12,2877243.0,236.0,74562.0,47.0
100848,Poland,2021-06-13,2877469.0,226.0,74573.0,11.0
100849,Poland,2021-06-14,2877608.0,139.0,74574.0,1.0
100850,Poland,2021-06-15,2877819.0,211.0,74626.0,52.0
100851,Poland,2021-06-16,2878061.0,242.0,74688.0,62.0
100852,Poland,2021-06-17,2878276.0,215.0,74734.0,46.0
100853,Poland,2021-06-18,2878466.0,190.0,74782.0,48.0
100854,Poland,2021-06-19,2878634.0,168.0,74823.0,41.0
100855,Poland,2021-06-20,2878767.0,133.0,74828.0,5.0
100856,Poland,2021-06-21,2878840.0,73.0,74829.0,1.0
100857,Poland,2021-06-22,2879030.0,190.0,74858.0,29.0
100858,Poland,2021-06-23,2879192.0,162.0,74893.0,35.0
100859,Poland,2021-06-24,2879336.0,144.0,74917.0,24.0
100860,Poland,2021-06-25,2879470.0,134.0,74953.0,36.0
100861,Poland,2021-06-26,2879569.0,99.0,74974.0,21.0
100862,Poland,2021-06-27,2879638.0,69.0,74979.0,5.0
100863,Poland,2021-06-28,2879689.0,51.0,74979.0,0.0
100864,Poland,2021-06-29,2879811.0,122.0,75005.0,26.0
100865,Poland,2021-06-30,2879912.0,101.0,75021.0,16.0
100866,Poland,2021-07-01,2880010.0,98.0,75044.0,23.0
100867,Poland,2021-07-02,2880107.0,97.0,75065.0,21.0
100868,Poland,2021-07-03,2880215.0,108.0,75083.0,18.0
100869,Poland,2021-07-04,2880270.0,55.0,75084.0,1.0
100870,Poland,2021-07-05,2880308.0,38.0,75085.0,1.0
100871,Poland,2021-07-06,2880403.0,95.0,75095.0,10.0
100872,Poland,2021-07-07,2880503.0,100.0,75114.0,19.0
100873,Poland,2021-07-08,2880596.0,93.0,75135.0,21.0
100874,Poland,2021-07-09,2880670.0,74.0,75152.0,17.0
100875,Poland,2021-07-10,2880755.0,85.0,75159.0,7.0
100876,Poland,2021-07-11,2880821.0,66.0,75160.0,1.0
100877,Poland,2021-07-12,2880865.0,44.0,75160.0,0.0
100878,Poland,2021-07-13,2880959.0,94.0,75173.0,13.0
100879,Poland,2021-07-14,2881046.0,87.0,75179.0,6.0
100880,Poland,2021-07-15,2881151.0,105.0,75191.0,12.0
100881,Poland,2021-07-16,2881241.0,90.0,75205.0,14.0
100882,Poland,2021-07-17,2881355.0,114.0,75212.0,7.0
100883,Poland,2021-07-18,2881424.0,69.0,75215.0,3.0
100884,Poland,2021-07-19,2881491.0,67.0,75215.0,0.0
100885,Poland,2021-07-20,2881594.0,103.0,75219.0,4.0
100886,Poland,2021-07-21,2881718.0,124.0,75222.0,3.0
100887,Poland,2021-07-22,2881840.0,122.0,75231.0,9.0
100888,Poland,2021-07-23,2881948.0,108.0,75235.0,4.0
100889,Poland,2021-07-24,2882066.0,118.0,75241.0,6.0
100890,Poland,2021-07-25,2882146.0,80.0,75242.0,1.0
100891,Poland,2021-07-26,2882220.0,74.0,75242.0,0.0
100892,Poland,2021-07-27,2882327.0,107.0,75249.0,7.0
100893,Poland,2021-07-28,2882465.0,138.0,75252.0,3.0
100894,Poland,2021-07-29,2882630.0,165.0,75257.0,5.0
100895,Poland,2021-07-30,2882786.0,156.0,75259.0,2.0
100896,Poland,2021-07-31,2882939.0,153.0,75261.0,2.0
100897,Poland,2021-08-01,2883029.0,90.0,75261.0,0.0
100898,Poland,2021-08-02,2883120.0,91.0,75261.0,0.0
100899,Poland,2021-08-03,2883284.0,164.0,75265.0,4.0
100900,Poland,2021-08-04,2883448.0,164.0,75269.0,4.0
100901,Poland,2021-08-05,2883624.0,176.0,75275.0,6.0
100902,Poland,2021-08-06,2883796.0,172.0,75281.0,6.0
100903,Poland,2021-08-07,2883976.0,180.0,75285.0,4.0
100904,Poland,2021-08-08,2884098.0,122.0,75285.0,0.0
100905,Poland,2021-08-09,2884162.0,64.0,75285.0,0.0
100906,Poland,2021-08-10,2884361.0,199.0,75285.0,0.0
100907,Poland,2021-08-11,2884557.0,196.0,75289.0,4.0
100908,Poland,2021-08-12,2884780.0,223.0,75291.0,2.0
100909,Poland,2021-08-13,2884974.0,194.0,75297.0,6.0
100910,Poland,2021-08-14,2885185.0,211.0,75299.0,2.0
100911,Poland,2021-08-15,2885333.0,148.0,75299.0,0.0
100912,Poland,2021-08-16,2885461.0,128.0,75299.0,0.0
100913,Poland,2021-08-17,2885676.0,215.0,75306.0,7.0
100914,Poland,2021-08-18,2885883.0,207.0,75307.0,1.0
100915,Poland,2021-08-19,2886079.0,196.0,75311.0,4.0
100916,Poland,2021-08-20,2886291.0,212.0,75315.0,4.0
100917,Poland,2021-08-21,2886513.0,222.0,75316.0,1.0
100918,Poland,2021-08-22,2886698.0,185.0,75316.0,0.0
100919,Poland,2021-08-23,2886805.0,107.0,75316.0,0.0
100920,Poland,2021-08-24,2887037.0,232.0,75324.0,8.0
100921,Poland,2021-08-25,2887270.0,233.0,75329.0,5.0
100922,Poland,2021-08-26,2887485.0,215.0,75332.0,3.0
100923,Poland,2021-08-27,2887739.0,254.0,75335.0,3.0
100924,Poland,2021-08-28,2888028.0,289.0,75340.0,5.0
100925,Poland,2021-08-29,2888231.0,203.0,75340.0,0.0
100926,Poland,2021-08-30,2888385.0,154.0,75340.0,0.0
100927,Poland,2021-08-31,2888670.0,285.0,75345.0,5.0
100928,Poland,2021-09-01,2889036.0,366.0,75358.0,13.0
100929,Poland,2021-09-02,2889412.0,376.0,75367.0,9.0
100930,Poland,2021-09-03,2889773.0,361.0,75372.0,5.0
100931,Poland,2021-09-04,2890161.0,388.0,75379.0,7.0
100932,Poland,2021-09-05,2890484.0,323.0,75379.0,0.0
100933,Poland,2021-09-06,2890666.0,182.0,75379.0,0.0
100934,Poland,2021-09-07,2891071.0,405.0,75392.0,13.0
100935,Poland,2021-09-08,2891602.0,531.0,75403.0,11.0
100936,Poland,2021-09-09,2892113.0,511.0,75409.0,6.0
100937,Poland,2021-09-10,2892642.0,529.0,75417.0,8.0
100938,Poland,2021-09-11,2893173.0,531.0,75425.0,8.0
100939,Poland,2021-09-12,2893649.0,476.0,75425.0,0.0
100940,Poland,2021-09-13,2893919.0,270.0,75425.0,0.0
100941,Poland,2021-09-14,2894455.0,536.0,75433.0,8.0
100942,Poland,2021-09-15,2895223.0,768.0,75454.0,21.0
100943,Poland,2021-09-16,2895947.0,724.0,75464.0,10.0
100944,Poland,2021-09-17,2896599.0,652.0,75473.0,9.0
100945,Poland,2021-09-18,2897395.0,796.0,75487.0,14.0
100946,Poland,2021-09-19,2897935.0,540.0,75488.0,1.0
100947,Poland,2021-09-20,2898299.0,364.0,75488.0,0.0
100948,Poland,2021-09-21,2899008.0,709.0,75503.0,15.0
100949,Poland,2021-09-22,2899888.0,880.0,75523.0,20.0
100950,Poland,2021-09-23,2900862.0,974.0,75537.0,14.0
100951,Poland,2021-09-24,2901674.0,812.0,75551.0,14.0
100952,Poland,2021-09-25,2902591.0,917.0,75571.0,20.0
100953,Poland,2021-09-26,2903234.0,643.0,75572.0,1.0
100954,Poland,2021-09-27,2903655.0,421.0,75572.0,0.0
100955,Poland,2021-09-28,2904631.0,976.0,75601.0,29.0
100956,Poland,2021-09-29,2905866.0,1235.0,75623.0,22.0
100957,Poland,2021-09-30,2907071.0,1205.0,75650.0,27.0
100958,Poland,2021-10-01,2908432.0,1361.0,75666.0,16.0
100959,Poland,2021-10-02,2909776.0,1344.0,75689.0,23.0
100960,Poland,2021-10-03,2910866.0,1090.0,75695.0,6.0
100961,Poland,2021-10-04,2911549.0,683.0,75695.0,0.0
100962,Poland,2021-10-05,2912876.0,1327.0,75741.0,46.0
100963,Poland,2021-10-06,2914962.0,2086.0,75774.0,33.0
100964,Poland,2021-10-07,2916969.0,2007.0,75803.0,29.0
100965,Poland,2021-10-08,2918863.0,1894.0,75834.0,31.0
100966,Poland,2021-10-09,2920874.0,2011.0,75864.0,30.0
100967,Poland,2021-10-10,2922401.0,1527.0,75869.0,5.0
100968,Poland,2021-10-11,2923304.0,903.0,75869.0,0.0
100969,Poland,2021-10-12,2925425.0,2121.0,75918.0,49.0
100970,Poland,2021-10-13,2928065.0,2640.0,75958.0,40.0
100971,Poland,2021-10-14,2931064.0,2999.0,76018.0,60.0
100972,Poland,2021-10-15,2933834.0,2770.0,76067.0,49.0
100973,Poland,2021-10-16,2937069.0,3235.0,76111.0,44.0
100974,Poland,2021-10-17,2939590.0,2521.0,76112.0,1.0
100975,Poland,2021-10-18,2941126.0,1536.0,76115.0,3.0
100976,Poland,2021-10-19,2945056.0,3930.0,76179.0,64.0
100977,Poland,2021-10-20,2950616.0,5560.0,76254.0,75.0
100978,Poland,2021-10-21,2956207.0,5591.0,76300.0,46.0
100979,Poland,2021-10-22,2961923.0,5716.0,76359.0,59.0
100980,Poland,2021-10-23,2968200.0,6277.0,76434.0,75.0
100981,Poland,2021-10-24,2972927.0,4727.0,76447.0,13.0
100982,Poland,2021-10-25,2975880.0,2953.0,76447.0,0.0
100983,Poland,2021-10-26,2982143.0,6263.0,76540.0,93.0
100984,Poland,2021-10-27,2990509.0,8366.0,76672.0,132.0
100985,Poland,2021-10-28,2998891.0,8382.0,76773.0,101.0
100986,Poland,2021-10-29,3008294.0,9403.0,76875.0,102.0
100987,Poland,2021-10-30,3018100.0,9806.0,76990.0,115.0
100988,Poland,2021-10-31,3025247.0,7147.0,76999.0,9.0
100989,Poland,2021-11-01,3030151.0,4904.0,77012.0,13.0
100990,Poland,2021-11-02,3034668.0,4517.0,77021.0,9.0
100991,Poland,2021-11-03,3045102.0,10434.0,77145.0,124.0
100992,Poland,2021-11-04,3060613.0,15511.0,77395.0,250.0
100993,Poland,2021-11-05,3076518.0,15905.0,77547.0,152.0
100994,Poland,2021-11-06,3091713.0,15195.0,77733.0,186.0
100995,Poland,2021-11-07,3104220.0,12507.0,77757.0,24.0
100996,Poland,2021-11-08,3111534.0,7314.0,77760.0,3.0
100997,Poland,2021-11-09,3125179.0,13645.0,77980.0,220.0
100998,Poland,2021-11-10,3143725.0,18546.0,78250.0,270.0
100999,Poland,2021-11-11,3162804.0,19079.0,78524.0,274.0
101000,Poland,2021-11-12,3175769.0,12965.0,78555.0,31.0
101001,Poland,2021-11-13,3190067.0,14298.0,78821.0,266.0
101002,Poland,2021-11-14,3204515.0,14448.0,78867.0,46.0
101003,Poland,2021-11-15,3214023.0,9508.0,78879.0,12.0
101004,Poland,2021-11-16,3230634.0,16611.0,79161.0,282.0
101005,Poland,2021-11-17,3254875.0,24241.0,79624.0,463.0
101006,Poland,2021-11-18,3279787.0,24912.0,79994.0,370.0
101007,Poland,2021-11-19,3303046.0,23259.0,80399.0,405.0
101008,Poland,2021-11-20,3326464.0,23418.0,80781.0,382.0
101009,Poland,2021-11-21,3345388.0,18924.0,80822.0,41.0
101010,Poland,2021-11-22,3357763.0,12375.0,80830.0,8.0
101011,Poland,2021-11-23,3377698.0,19935.0,81228.0,398.0
101012,Poland,2021-11-24,3406129.0,28431.0,81688.0,460.0
101013,Poland,2021-11-25,3434272.0,28143.0,82186.0,498.0
101014,Poland,2021-11-26,3461066.0,26794.0,82607.0,421.0
101015,Poland,2021-11-27,3487254.0,26188.0,82986.0,379.0
101016,Poland,2021-11-28,3507828.0,20574.0,83037.0,51.0
101017,Poland,2021-11-29,3520961.0,13133.0,83055.0,18.0
101018,Poland,2021-11-30,3540061.0,19100.0,83583.0,528.0
101019,Poland,2021-12-01,3569137.0,29076.0,84153.0,570.0
101020,Poland,2021-12-02,3596491.0,27354.0,84656.0,503.0
101021,Poland,2021-12-03,3623452.0,26961.0,85126.0,470.0
101022,Poland,2021-12-04,3649027.0,25575.0,85630.0,504.0
101023,Poland,2021-12-05,3671421.0,22394.0,85675.0,45.0
101024,Poland,2021-12-06,3684671.0,13250.0,85700.0,25.0
101025,Poland,2021-12-07,3704040.0,19369.0,86205.0,505.0
101026,Poland,2021-12-08,3732589.0,28549.0,86796.0,591.0
101027,Poland,2021-12-09,3760048.0,27459.0,87357.0,561.0
